date,city,hpi
2009-03-31,Ahmedabad,100.0
2009-06-30,Ahmedabad,101.4
2009-09-30,Ahmedabad,104.2
2009-12-31,Ahmedabad,117.3
2010-03-31,Ahmedabad,124.3
2010-06-30,Ahmedabad,117.1
2010-06-30,Ahmedabad,93.21867915399
2010-09-30,Ahmedabad,102.542630483707
2010-09-30,Ahmedabad,128.5
2010-12-31,Ahmedabad,128.8
2010-12-31,Ahmedabad,101.990309768854
2011-03-31,Ahmedabad,128.7
2011-03-31,Ahmedabad,102.248380593449
2011-06-30,Ahmedabad,152.3
2011-06-30,Ahmedabad,121.296550908643
2011-09-30,Ahmedabad,130.432881388632
2011-09-30,Ahmedabad,162.8
2011-12-31,Ahmedabad,171.8
2011-12-31,Ahmedabad,137.117243746749
2012-03-31,Ahmedabad,177.2
2012-03-31,Ahmedabad,141.019725700592
2012-06-30,Ahmedabad,176.6
2012-06-30,Ahmedabad,140.755003847014
2012-09-30,Ahmedabad,146.388427763684
2012-09-30,Ahmedabad,183.4
2012-12-31,Ahmedabad,187.8
2012-12-31,Ahmedabad,150.637833753518
2013-03-31,Ahmedabad,155.005510328137
2013-03-31,Ahmedabad,193.5
2013-06-30,Ahmedabad,161.939423991298
2013-09-30,Ahmedabad,171.696803773157
2013-12-31,Ahmedabad,172.645067916865
2014-03-31,Ahmedabad,169.374224265849
2014-06-30,Ahmedabad,173.0
2014-09-30,Ahmedabad,183.2
2014-12-31,Ahmedabad,187.691520045964
2015-03-31,Ahmedabad,184.970519226678
2015-06-30,Ahmedabad,186.550732674108
2015-09-30,Ahmedabad,196.75328887983
2015-12-31,Ahmedabad,207.34589331261
2016-03-31,Ahmedabad,204.117534194109
2016-06-30,Ahmedabad,207.612852826537
2016-09-30,Ahmedabad,214.112283375913
2016-12-31,Ahmedabad,217.822056292054
2017-03-31,Ahmedabad,235.414937967122
2017-06-30,Ahmedabad,243.099759676881
2017-09-30,Ahmedabad,236.116761539522
2017-12-31,Ahmedabad,256.780083265526
2018-03-31,Ahmedabad,251.996974975752
2018-06-30,Ahmedabad,253.981548203147
2018-09-30,Ahmedabad,258.591738663724
2018-12-31,Ahmedabad,261.442188707747
2019-03-31,Ahmedabad,262.393824717754
2019-06-30,Ahmedabad,264.129783324185
2019-09-30,Ahmedabad,262.835676324129
2019-12-31,Ahmedabad,282.324876866932
2020-03-31,Ahmedabad,276.147551626617
2020-06-30,Ahmedabad,278.396852851022
2020-09-30,Ahmedabad,286.529643248194
2020-12-31,Ahmedabad,272.981577159575
2021-03-31,Ahmedabad,284.119749743737
2021-06-30,Ahmedabad,302.779371811164
2021-09-30,Ahmedabad,302.55527351484
2021-12-31,Ahmedabad,302.806590917751
2022-03-31,Ahmedabad,295.704453244699
2022-06-30,Ahmedabad,317.666282610624
2022-09-30,Ahmedabad,315.184645385428
2022-12-31,Ahmedabad,318.738125923416
2023-03-31,Ahmedabad,303.035726644853
2023-06-30,Ahmedabad,311.007094953936
2023-09-30,Ahmedabad,324.671393805003
2023-12-31,Ahmedabad,335.007333731996
2024-03-31,Ahmedabad,338.410114337095
2024-06-30,Ahmedabad,337.675306008204
2024-09-30,Ahmedabad,342.447026828968
2024-12-31,Ahmedabad,351.161298442789
2025-03-31,Ahmedabad,351.437790210445
,Ahmedabad,
,Ahmedabad,
,Ahmedabad,
,Ahmedabad,
,Ahmedabad,
,Ahmedabad,
,Ahmedabad,
2009-03-31,All India,
2009-06-30,All India,
2009-09-30,All India,
2009-12-31,All India,
2010-03-31,All India,
2010-06-30,All India,
2010-06-30,All India,90.626706474878
2010-09-30,All India,99.717031597059
2010-09-30,All India,
2010-12-31,All India,
2010-12-31,All India,100.879902268232
2011-03-31,All India,
2011-03-31,All India,108.776359659831
2011-06-30,All India,
2011-06-30,All India,122.091899379462
2011-09-30,All India,131.417743002657
2011-09-30,All India,
2011-12-31,All India,164.1
2011-12-31,All India,122.787799055711
2012-03-31,All India,176.9
2012-03-31,All India,143.495014025809
2012-06-30,All India,188.6
2012-06-30,All India,147.600937455
2012-09-30,All India,148.064184201313
2012-09-30,All India,194.3
2012-12-31,All India,206.8
2012-12-31,All India,158.948005491001
2013-03-31,All India,159.526678349764
2013-03-31,All India,211.2
2013-06-30,All India,159.975322732381
2013-09-30,All India,169.187185843718
2013-12-31,All India,166.5021282221
2014-03-31,All India,175.449163519172
2014-06-30,All India,183.209679568574
2014-09-30,All India,185.925884859084
2014-12-31,All India,188.019555011921
2015-03-31,All India,194.726890846209
2015-06-30,All India,203.450381584436
2015-09-30,All India,205.904939194947
2015-12-31,All India,208.93171205291
2016-03-31,All India,207.993334173919
2016-06-30,All India,219.199329350438
2016-09-30,All India,226.546023394785
2016-12-31,All India,235.807644483898
2017-03-31,All India,243.882369283058
2017-06-30,All India,246.009162780245
2017-09-30,All India,254.694453932596
2017-12-31,All India,257.403380003306
2018-03-31,All India,257.275182455421
2018-06-30,All India,264.234457728825
2018-09-30,All India,263.946194194131
2018-12-31,All India,266.041359709157
2019-03-31,All India,261.437841690619
2019-06-30,All India,260.550585360182
2019-09-30,All India,265.0
2019-12-31,All India,256.756106459176
2020-03-31,All India,264.419903515147
2020-06-30,All India,262.992987028694
2020-09-30,All India,263.014096390503
2020-12-31,All India,261.316632044159
2021-03-31,All India,266.505151781291
2021-06-30,All India,265.885954784166
2021-09-30,All India,279.79797599907
2021-12-31,All India,285.982091577155
2022-03-31,All India,281.296205122714
2022-06-30,All India,284.857286968593
2022-09-30,All India,288.138896301559
2022-12-31,All India,292.866927908512
2023-03-31,All India,293.304588180959
2023-06-30,All India,306.44226780862
2023-09-30,All India,294.920874066756
2023-12-31,All India,298.794757694892
2024-03-31,All India,294.181749471641
2024-06-30,All India,307.270150457368
2024-09-30,All India,303.617090678304
2024-12-31,All India,304.401977501236
2025-03-31,All India,301.118147300734
,All India,
,All India,
,All India,
,All India,
,All India,
,All India,
,All India,
2009-03-31,Bangalore,100.0
2009-06-30,Bangalore,103.6
2009-09-30,Bangalore,101.7
2009-12-31,Bangalore,100.8
2010-03-31,Bangalore,98.5
2010-06-30,Bangalore,104.0
2010-06-30,Bangalore,98.63969688202
2010-09-30,Bangalore,97.902562311559
2010-09-30,Bangalore,101.9
2010-12-31,Bangalore,104.7
2010-12-31,Bangalore,97.935658488187
2011-03-31,Bangalore,113.6
2011-03-31,Bangalore,105.522082318234
2011-06-30,Bangalore,116.9
2011-06-30,Bangalore,110.679615302802
2011-09-30,Bangalore,107.83392879311
2011-09-30,Bangalore,116.0
2011-12-31,Bangalore,146.1
2011-12-31,Bangalore,138.595969855702
2012-03-31,Bangalore,140.6
2012-03-31,Bangalore,133.346996901322
2012-06-30,Bangalore,140.2
2012-06-30,Bangalore,133.327478075255
2012-09-30,Bangalore,136.579402427562
2012-09-30,Bangalore,143.0
2012-12-31,Bangalore,147.9
2012-12-31,Bangalore,141.175490592049
2013-03-31,Bangalore,141.93559550841
2013-03-31,Bangalore,148.3
2013-06-30,Bangalore,142.266365501558
2013-09-30,Bangalore,150.373376948106
2013-12-31,Bangalore,169.256843075755
2014-03-31,Bangalore,184.285621410149
2014-06-30,Bangalore,180.4
2014-09-30,Bangalore,174.6
2014-12-31,Bangalore,183.081870365534
2015-03-31,Bangalore,202.701601259211
2015-06-30,Bangalore,208.418713665081
2015-09-30,Bangalore,208.005441387247
2015-12-31,Bangalore,205.923438184647
2016-03-31,Bangalore,190.019079689007
2016-06-30,Bangalore,220.607904651615
2016-09-30,Bangalore,220.114392972825
2016-12-31,Bangalore,225.138915387232
2017-03-31,Bangalore,218.345767942208
2017-06-30,Bangalore,227.657666783284
2017-09-30,Bangalore,221.000240063181
2017-12-31,Bangalore,225.636750992529
2018-03-31,Bangalore,232.933162923325
2018-06-30,Bangalore,244.842538171752
2018-09-30,Bangalore,245.78542647892
2018-12-31,Bangalore,243.248097781263
2019-03-31,Bangalore,256.148248310568
2019-06-30,Bangalore,265.984875123596
2019-09-30,Bangalore,273.578562396396
2019-12-31,Bangalore,283.8
2020-03-31,Bangalore,273.838538570751
2020-06-30,Bangalore,308.756307241085
2020-09-30,Bangalore,297.717816279726
2020-12-31,Bangalore,319.133453944047
2021-03-31,Bangalore,316.77965126751
2021-06-30,Bangalore,333.736102161151
2021-09-30,Bangalore,313.169021198517
2021-12-31,Bangalore,315.923913864777
2022-03-31,Bangalore,281.009299614985
2022-06-30,Bangalore,320.350421092679
2022-09-30,Bangalore,324.476120578571
2022-12-31,Bangalore,331.082125131167
2023-03-31,Bangalore,326.848809331222
2023-06-30,Bangalore,336.436685559204
2023-09-30,Bangalore,331.077452288088
2023-12-31,Bangalore,352.058698659395
2024-03-31,Bangalore,355.669232546972
2024-06-30,Bangalore,364.817776317588
2024-09-30,Bangalore,360.108892207036
2024-12-31,Bangalore,362.441387983541
2025-03-31,Bangalore,375.51404106394
,Bangalore,
,Bangalore,
,Bangalore,
,Bangalore,
,Bangalore,
,Bangalore,
,Bangalore,
2009-03-31,Chennai,100.0
2009-06-30,Chennai,96.1
2009-09-30,Chennai,83.9
2009-12-31,Chennai,106.8
2010-03-31,Chennai,118.2
2010-06-30,Chennai,138.2
2010-06-30,Chennai,102.731254249705
2010-09-30,Chennai,109.501643212766
2010-09-30,Chennai,135.7
2010-12-31,Chennai,118.4
2010-12-31,Chennai,94.647710622995
2011-03-31,Chennai,106.8
2011-03-31,Chennai,93.119391914535
2011-06-30,Chennai,106.3
2011-06-30,Chennai,101.157996423367
2011-09-30,Chennai,110.366074613511
2011-09-30,Chennai,113.9
2011-12-31,Chennai,120.3
2011-12-31,Chennai,110.737445672815
2012-03-31,Chennai,117.0
2012-03-31,Chennai,108.16511021208
2012-06-30,Chennai,133.9
2012-06-30,Chennai,119.207724057846
2012-09-30,Chennai,117.817860928035
2012-09-30,Chennai,129.5
2012-12-31,Chennai,149.2
2012-12-31,Chennai,137.554110368986
2013-03-31,Chennai,137.430064210373
2013-03-31,Chennai,148.0
2013-06-30,Chennai,138.262897492615
2013-09-30,Chennai,149.975688370069
2013-12-31,Chennai,174.27616103553
2014-03-31,Chennai,179.266495129578
2014-06-30,Chennai,179.2
2014-09-30,Chennai,172.8
2014-12-31,Chennai,187.336274800678
2015-03-31,Chennai,188.008500678033
2015-06-30,Chennai,186.043029877196
2015-09-30,Chennai,194.240045703386
2015-12-31,Chennai,202.686362292275
2016-03-31,Chennai,210.734586044156
2016-06-30,Chennai,230.574956179572
2016-09-30,Chennai,229.260379084097
2016-12-31,Chennai,223.966734209431
2017-03-31,Chennai,208.926347244868
2017-06-30,Chennai,204.832407485164
2017-09-30,Chennai,213.285635091495
2017-12-31,Chennai,216.981196945007
2018-03-31,Chennai,227.157779063043
2018-06-30,Chennai,224.528023915499
2018-09-30,Chennai,238.472409550652
2018-12-31,Chennai,246.946370688428
2019-03-31,Chennai,255.254415473869
2019-06-30,Chennai,256.636334417281
2019-09-30,Chennai,257.067806532411
2019-12-31,Chennai,280.9
2020-03-31,Chennai,281.5
2020-06-30,Chennai,275.21104002206
2020-09-30,Chennai,262.762482603866
2020-12-31,Chennai,278.825357789507
2021-03-31,Chennai,279.3
2021-06-30,Chennai,261.2
2021-09-30,Chennai,268.743022316692
2021-12-31,Chennai,267.5
2022-03-31,Chennai,277.036249504966
2022-06-30,Chennai,280.180939254066
2022-09-30,Chennai,273.409164617644
2022-12-31,Chennai,275.260074522334
2023-03-31,Chennai,280.590339482249
2023-06-30,Chennai,285.786312807791
2023-09-30,Chennai,291.113200716389
2023-12-31,Chennai,298.413981023254
2024-03-31,Chennai,299.142198945557
2024-06-30,Chennai,300.620368624135
2024-09-30,Chennai,312.131105875744
2024-12-31,Chennai,315.239897710101
2025-03-31,Chennai,320.749220930645
,Chennai,
,Chennai,
,Chennai,
,Chennai,
,Chennai,
,Chennai,
,Chennai,
2009-03-31,Delhi,100.0
2009-06-30,Delhi,101.0
2009-09-30,Delhi,100.9
2009-12-31,Delhi,99.7
2010-03-31,Delhi,109.5
2010-06-30,Delhi,122.3
2010-06-30,Delhi,100.721966276523
2010-09-30,Delhi,95.560697035579
2010-09-30,Delhi,116.1
2010-12-31,Delhi,111.4
2010-12-31,Delhi,92.10516823302
2011-03-31,Delhi,135.2
2011-03-31,Delhi,112.058101469233
2011-06-30,Delhi,152.8
2011-06-30,Delhi,126.819483612892
2011-09-30,Delhi,124.79857709159
2011-09-30,Delhi,153.0
2011-12-31,Delhi,168.6
2011-12-31,Delhi,136.740944764687
2012-03-31,Delhi,195.3
2012-03-31,Delhi,158.228663945772
2012-06-30,Delhi,217.3
2012-06-30,Delhi,177.29813120948
2012-09-30,Delhi,183.174675086252
2012-09-30,Delhi,225.2
2012-12-31,Delhi,247.8
2012-12-31,Delhi,200.70354115689
2013-03-31,Delhi,213.105559000595
2013-03-31,Delhi,259.2
2013-06-30,Delhi,214.79292130117
2013-09-30,Delhi,215.743205493485
2013-12-31,Delhi,211.073738266986
2014-03-31,Delhi,229.292315907176
2014-06-30,Delhi,241.7
2014-09-30,Delhi,251.0
2014-12-31,Delhi,273.209309361771
2015-03-31,Delhi,290.088087772425
2015-06-30,Delhi,296.469915566343
2015-09-30,Delhi,299.315978781509
2015-12-31,Delhi,300.006811098357
2016-03-31,Delhi,302.082459295904
2016-06-30,Delhi,305.709338054643
2016-09-30,Delhi,314.863964662827
2016-12-31,Delhi,314.56713996938
2017-03-31,Delhi,312.609818854186
2017-06-30,Delhi,341.919722332509
2017-09-30,Delhi,335.348755570373
2017-12-31,Delhi,335.592531325044
2018-03-31,Delhi,324.31684900976
2018-06-30,Delhi,341.565755791088
2018-09-30,Delhi,342.085873806283
2018-12-31,Delhi,346.664161562297
2019-03-31,Delhi,328.576527937142
2019-06-30,Delhi,342.842643813671
2019-09-30,Delhi,333.096351333719
2019-12-31,Delhi,329.37286363929
2020-03-31,Delhi,325.702052731292
2020-06-30,Delhi,319.776680325594
2020-09-30,Delhi,314.8698490116
2020-12-31,Delhi,329.37286363929
2021-03-31,Delhi,323.224571610217
2021-06-30,Delhi,314.970303423518
2021-09-30,Delhi,299.319098130911
2021-12-31,Delhi,327.737459494318
2022-03-31,Delhi,326.17237073302
2022-06-30,Delhi,311.95525548424
2022-09-30,Delhi,324.161070727713
2022-12-31,Delhi,336.788887826351
2023-03-31,Delhi,347.883246787505
2023-06-30,Delhi,358.306617421244
2023-09-30,Delhi,339.160660772043
2023-12-31,Delhi,340.607450709188
2024-03-31,Delhi,351.145297404473
2024-06-30,Delhi,352.19895177648
2024-09-30,Delhi,350.401842252501
2024-12-31,Delhi,346.197014298257
2025-03-31,Delhi,348.099473179416
,Delhi,
,Delhi,
,Delhi,
,Delhi,
,Delhi,
,Delhi,
,Delhi,
2009-03-31,Jaipur,100.0
2009-06-30,Jaipur,99.0
2009-09-30,Jaipur,112.7
2009-12-31,Jaipur,119.1
2010-03-31,Jaipur,142.5
2010-06-30,Jaipur,144.9
2010-06-30,Jaipur,95.312153938016
2010-09-30,Jaipur,99.047963142297
2010-09-30,Jaipur,149.7
2010-12-31,Jaipur,157.3
2010-12-31,Jaipur,103.574957552392
2011-03-31,Jaipur,155.3
2011-03-31,Jaipur,102.064925367295
2011-06-30,Jaipur,161.1
2011-06-30,Jaipur,106.272775009928
2011-09-30,Jaipur,109.565380141635
2011-09-30,Jaipur,165.1
2011-12-31,Jaipur,163.5
2011-12-31,Jaipur,108.256343156574
2012-03-31,Jaipur,164.4
2012-03-31,Jaipur,108.595924157054
2012-06-30,Jaipur,171.9
2012-06-30,Jaipur,113.383167204816
2012-09-30,Jaipur,117.357450298116
2012-09-30,Jaipur,177.7
2012-12-31,Jaipur,179.4
2012-12-31,Jaipur,118.930366196616
2013-03-31,Jaipur,129.374972468947
2013-03-31,Jaipur,194.0
2013-06-30,Jaipur,129.374972468947
2013-09-30,Jaipur,128.01540381647
2013-12-31,Jaipur,127.296565465431
2014-03-31,Jaipur,119.96545868872
2014-06-30,Jaipur,120.6
2014-09-30,Jaipur,131.7
2014-12-31,Jaipur,143.576200453209
2015-03-31,Jaipur,140.57886957165
2015-06-30,Jaipur,132.680131947625
2015-09-30,Jaipur,136.023022942593
2015-12-31,Jaipur,136.064734774058
2016-03-31,Jaipur,126.077293809315
2016-06-30,Jaipur,126.80847024032
2016-09-30,Jaipur,127.51558334595
2016-12-31,Jaipur,128.665084990427
2017-03-31,Jaipur,129.439591550292
2017-06-30,Jaipur,132.695716560706
2017-09-30,Jaipur,144.522340782928
2017-12-31,Jaipur,149.434069014455
2018-03-31,Jaipur,159.186785972696
2018-06-30,Jaipur,155.597080347247
2018-09-30,Jaipur,157.631926528442
2018-12-31,Jaipur,152.761719258429
2019-03-31,Jaipur,140.9969843243
2019-06-30,Jaipur,161.5
2019-09-30,Jaipur,177.338060650338
2019-12-31,Jaipur,175.549429666716
2020-03-31,Jaipur,172.812359625933
2020-06-30,Jaipur,172.618764362802
2020-09-30,Jaipur,172.599272301906
2020-12-31,Jaipur,170.975684594535
2021-03-31,Jaipur,166.673694524942
2021-06-30,Jaipur,167.146607648406
2021-09-30,Jaipur,181.161157543627
2021-12-31,Jaipur,188.530606606196
2022-03-31,Jaipur,186.96651451184
2022-06-30,Jaipur,175.611806104737
2022-09-30,Jaipur,173.799856437554
2022-12-31,Jaipur,171.633114739569
2023-03-31,Jaipur,171.130914586105
2023-06-30,Jaipur,171.724698545318
2023-09-30,Jaipur,173.379953207083
2023-12-31,Jaipur,172.860009984612
2024-03-31,Jaipur,170.567038086243
2024-06-30,Jaipur,175.790721531061
2024-09-30,Jaipur,174.329550397329
2024-12-31,Jaipur,177.426294497562
2025-03-31,Jaipur,183.627753325021
,Jaipur,
,Jaipur,
,Jaipur,
,Jaipur,
,Jaipur,
,Jaipur,
,Jaipur,
2009-03-31,Kanpur,100.0
2009-06-30,Kanpur,113.0
2009-09-30,Kanpur,114.8
2009-12-31,Kanpur,114.1
2010-03-31,Kanpur,120.2
2010-06-30,Kanpur,119.0
2010-06-30,Kanpur,91.735054350571
2010-09-30,Kanpur,99.446162889106
2010-09-30,Kanpur,129.4
2010-12-31,Kanpur,133.5
2010-12-31,Kanpur,103.686822384866
2011-03-31,Kanpur,135.7
2011-03-31,Kanpur,105.131960375457
2011-06-30,Kanpur,135.4
2011-06-30,Kanpur,104.676173192346
2011-09-30,Kanpur,106.750183753528
2011-09-30,Kanpur,138.3
2011-12-31,Kanpur,140.0
2011-12-31,Kanpur,108.541486251379
2012-03-31,Kanpur,148.7
2012-03-31,Kanpur,114.947185168034
2012-06-30,Kanpur,144.9
2012-06-30,Kanpur,114.407213223454
2012-09-30,Kanpur,106.032524792417
2012-09-30,Kanpur,135.8
2012-12-31,Kanpur,117.0
2012-12-31,Kanpur,92.831620101916
2013-03-31,Kanpur,90.869090643561
2013-03-31,Kanpur,116.9
2013-06-30,Kanpur,82.368580742936
2013-09-30,Kanpur,92.027102170737
2013-12-31,Kanpur,81.630455707108
2014-03-31,Kanpur,78.352653588996
2014-06-30,Kanpur,99.4
2014-09-30,Kanpur,101.8
2014-12-31,Kanpur,106.972009678697
2015-03-31,Kanpur,113.536664242022
2015-06-30,Kanpur,104.290398173078
2015-09-30,Kanpur,110.380082819943
2015-12-31,Kanpur,115.143288977353
2016-03-31,Kanpur,111.599587687848
2016-06-30,Kanpur,112.996644154771
2016-09-30,Kanpur,107.788207672214
2016-12-31,Kanpur,120.865861165549
2017-03-31,Kanpur,130.824196107321
2017-06-30,Kanpur,133.531875965512
2017-09-30,Kanpur,144.688084527889
2017-12-31,Kanpur,149.086031578383
2018-03-31,Kanpur,152.347801809835
2018-06-30,Kanpur,148.684272643149
2018-09-30,Kanpur,140.322499679628
2018-12-31,Kanpur,154.915233675867
2019-03-31,Kanpur,150.08745195212
2019-06-30,Kanpur,164.85580239475
2019-09-30,Kanpur,166.0
2019-12-31,Kanpur,171.4
2020-03-31,Kanpur,172.5
2020-06-30,Kanpur,170.389700041475
2020-09-30,Kanpur,171.138591483349
2020-12-31,Kanpur,170.533609692863
2021-03-31,Kanpur,171.3
2021-06-30,Kanpur,169.2
2021-09-30,Kanpur,171.049584631439
2021-12-31,Kanpur,170.23
2022-03-31,Kanpur,171.987271051666
2022-06-30,Kanpur,173.256322111741
2022-09-30,Kanpur,174.902335663624
2022-12-31,Kanpur,176.073659398725
2023-03-31,Kanpur,178.818610112052
2023-06-30,Kanpur,177.67348916541
2023-09-30,Kanpur,184.866682902015
2023-12-31,Kanpur,179.881664646772
2024-03-31,Kanpur,181.99658822377
2024-06-30,Kanpur,184.858619132663
2024-09-30,Kanpur,181.203911917184
2024-12-31,Kanpur,180.015262944255
2025-03-31,Kanpur,179.068541311583
,Kanpur,
,Kanpur,
,Kanpur,
,Kanpur,
,Kanpur,
,Kanpur,
,Kanpur,
2009-03-31,Kolkata,100.0
2009-06-30,Kolkata,100.7
2009-09-30,Kolkata,107.2
2009-12-31,Kolkata,110.9
2010-03-31,Kolkata,107.5
2010-06-30,Kolkata,116.9
2010-06-30,Kolkata,89.611742854129
2010-09-30,Kolkata,92.376464351186
2010-09-30,Kolkata,156.2
2010-12-31,Kolkata,161.2
2010-12-31,Kolkata,113.849678801077
2011-03-31,Kolkata,171.9
2011-03-31,Kolkata,104.162113993608
2011-06-30,Kolkata,157.0
2011-06-30,Kolkata,120.865986427078
2011-09-30,Kolkata,104.950787188201
2011-09-30,Kolkata,159.0
2011-12-31,Kolkata,155.0
2011-12-31,Kolkata,103.051800030747
2012-03-31,Kolkata,158.4
2012-03-31,Kolkata,97.825285137321
2012-06-30,Kolkata,204.2
2012-06-30,Kolkata,98.821186646755
2012-09-30,Kolkata,127.508787612825
2012-09-30,Kolkata,226.9
2012-12-31,Kolkata,247.3
2012-12-31,Kolkata,136.450543338773
2013-03-31,Kolkata,124.201190512486
2013-03-31,Kolkata,258.6
2013-06-30,Kolkata,127.032028499752
2013-09-30,Kolkata,161.579702975752
2013-12-31,Kolkata,189.355675676627
2014-03-31,Kolkata,166.221603291706
2014-06-30,Kolkata,166.9
2014-09-30,Kolkata,184.2
2014-12-31,Kolkata,180.935117964054
2015-03-31,Kolkata,179.688230146225
2015-06-30,Kolkata,172.638899516408
2015-09-30,Kolkata,170.959159951394
2015-12-31,Kolkata,184.627537704214
2016-03-31,Kolkata,169.836610323541
2016-06-30,Kolkata,199.742526938767
2016-09-30,Kolkata,191.729031305536
2016-12-31,Kolkata,182.64993465017
2017-03-31,Kolkata,208.217017536804
2017-06-30,Kolkata,189.094686675317
2017-09-30,Kolkata,227.441749089604
2017-12-31,Kolkata,231.275574601945
2018-03-31,Kolkata,257.130386766914
2018-06-30,Kolkata,266.957611093068
2018-09-30,Kolkata,274.693004668533
2018-12-31,Kolkata,297.975586343529
2019-03-31,Kolkata,307.334327411709
2019-06-30,Kolkata,287.670217113469
2019-09-30,Kolkata,278.991756900517
2019-12-31,Kolkata,280.6
2020-03-31,Kolkata,264.973880037485
2020-06-30,Kolkata,271.521090446042
2020-09-30,Kolkata,270.12832704791
2020-12-31,Kolkata,258.906154610197
2021-03-31,Kolkata,286.216113153773
2021-06-30,Kolkata,287.317554118313
2021-09-30,Kolkata,297.215512786225
2021-12-31,Kolkata,310.14355840527
2022-03-31,Kolkata,307.43658340781
2022-06-30,Kolkata,326.346494181699
2022-09-30,Kolkata,330.304973477654
2022-12-31,Kolkata,332.285445537209
2023-03-31,Kolkata,333.386459570137
2023-06-30,Kolkata,327.453299599889
2023-09-30,Kolkata,330.316200687079
2023-12-31,Kolkata,334.409380552451
2024-03-31,Kolkata,338.883225963778
2024-06-30,Kolkata,345.477582196539
2024-09-30,Kolkata,335.652421668499
2024-12-31,Kolkata,337.839020336605
2025-03-31,Kolkata,331.142080583108
,Kolkata,
,Kolkata,
,Kolkata,
,Kolkata,
,Kolkata,
,Kolkata,
,Kolkata,
2009-03-31,Lucknow,100.0
2009-06-30,Lucknow,103.7
2009-09-30,Lucknow,118.6
2009-12-31,Lucknow,116.7
2010-03-31,Lucknow,112.5
2010-06-30,Lucknow,116.9
2010-06-30,Lucknow,77.879137780952
2010-09-30,Lucknow,103.191572645676
2010-09-30,Lucknow,128.5
2010-12-31,Lucknow,136.9
2010-12-31,Lucknow,106.617769127382
2011-03-31,Lucknow,140.3
2011-03-31,Lucknow,112.31152044599
2011-06-30,Lucknow,149.3
2011-06-30,Lucknow,103.030473892551
2011-09-30,Lucknow,105.019951271479
2011-09-30,Lucknow,159.2
2011-12-31,Lucknow,172.3
2011-12-31,Lucknow,103.157874097549
2012-03-31,Lucknow,169.7
2012-03-31,Lucknow,106.094788818139
2012-06-30,Lucknow,179.4
2012-06-30,Lucknow,135.211415891856
2012-09-30,Lucknow,149.077140227861
2012-09-30,Lucknow,208.9
2012-12-31,Lucknow,221.6
2012-12-31,Lucknow,162.507541300652
2013-03-31,Lucknow,169.40634474607
2013-03-31,Lucknow,218.8
2013-06-30,Lucknow,171.805694624143
2013-09-30,Lucknow,173.542470145863
2013-12-31,Lucknow,168.193157412986
2014-03-31,Lucknow,169.780931738413
2014-06-30,Lucknow,194.0
2014-09-30,Lucknow,209.3
2014-12-31,Lucknow,210.770727910716
2015-03-31,Lucknow,224.919949941774
2015-06-30,Lucknow,231.100343159795
2015-09-30,Lucknow,224.087351434675
2015-12-31,Lucknow,224.091584659871
2016-03-31,Lucknow,222.284492332283
2016-06-30,Lucknow,234.863941921423
2016-09-30,Lucknow,231.886908577256
2016-12-31,Lucknow,240.186315877297
2017-03-31,Lucknow,242.347326167879
2017-06-30,Lucknow,251.42743504757
2017-09-30,Lucknow,248.186472479795
2017-12-31,Lucknow,253.35371773327
2018-03-31,Lucknow,254.682514267365
2018-06-30,Lucknow,254.48623557967
2018-09-30,Lucknow,255.940598669715
2018-12-31,Lucknow,261.974789126849
2019-03-31,Lucknow,265.546563318209
2019-06-30,Lucknow,266.5
2019-09-30,Lucknow,275.108020595034
2019-12-31,Lucknow,266.545431472316
2020-03-31,Lucknow,272.4
2020-06-30,Lucknow,270.92131796225
2020-09-30,Lucknow,268.111943473915
2020-12-31,Lucknow,280.03843161416
2021-03-31,Lucknow,276.792909284093
2021-06-30,Lucknow,283.95294212388
2021-09-30,Lucknow,278.66795766578
2021-12-31,Lucknow,288.538545826891
2022-03-31,Lucknow,329.911058075148
2022-06-30,Lucknow,329.320706804053
2022-09-30,Lucknow,302.097426908639
2022-12-31,Lucknow,296.416913615916
2023-03-31,Lucknow,303.018257346479
2023-06-30,Lucknow,307.489073049424
2023-09-30,Lucknow,320.646055251155
2023-12-31,Lucknow,319.088522832344
2024-03-31,Lucknow,326.255102546836
2024-06-30,Lucknow,334.828481690048
2024-09-30,Lucknow,342.633446415831
2024-12-31,Lucknow,345.062495364466
2025-03-31,Lucknow,355.049129249616
,Lucknow,
,Lucknow,
,Lucknow,
,Lucknow,
,Lucknow,
,Lucknow,
,Lucknow,
2009-03-31,Mumbai,100.0
2009-06-30,Mumbai,116.0
2009-09-30,Mumbai,131.0
2009-12-31,Mumbai,135.1
2010-03-31,Mumbai,136.4
2010-06-30,Mumbai,143.0
2010-06-30,Mumbai,88.820870487804
2010-09-30,Mumbai,98.671878461075
2010-09-30,Mumbai,157.2
2010-12-31,Mumbai,159.3
2010-12-31,Mumbai,104.745752022526
2011-03-31,Mumbai,172.3
2011-03-31,Mumbai,107.761499028596
2011-06-30,Mumbai,191.6
2011-06-30,Mumbai,118.001952060347
2011-09-30,Mumbai,123.083055537411
2011-09-30,Mumbai,206.1
2011-12-31,Mumbai,191.7
2011-12-31,Mumbai,131.944909264532
2012-03-31,Mumbai,224.7
2012-03-31,Mumbai,129.440576860925
2012-06-30,Mumbai,231.8
2012-06-30,Mumbai,136.352393638224
2012-09-30,Mumbai,156.595482252564
2012-09-30,Mumbai,232.4
2012-12-31,Mumbai,248.5
2012-12-31,Mumbai,169.250034444999
2013-03-31,Mumbai,166.174440116093
2013-03-31,Mumbai,248.6
2013-06-30,Mumbai,173.924629478224
2013-09-30,Mumbai,186.6658464202
2013-12-31,Mumbai,203.552536647662
2014-03-31,Mumbai,212.483680065407
2014-06-30,Mumbai,223.3
2014-09-30,Mumbai,238.7
2014-12-31,Mumbai,243.367690359235
2015-03-31,Mumbai,267.314918621747
2015-06-30,Mumbai,259.774701224432
2015-09-30,Mumbai,264.707425864433
2015-12-31,Mumbai,282.452659843016
2016-03-31,Mumbai,288.898150726562
2016-06-30,Mumbai,302.564732546998
2016-09-30,Mumbai,311.560913140895
2016-12-31,Mumbai,337.070385591639
2017-03-31,Mumbai,335.786994309803
2017-06-30,Mumbai,341.259222941454
2017-09-30,Mumbai,344.369999342049
2017-12-31,Mumbai,354.046816410602
2018-03-31,Mumbai,362.227471882055
2018-06-30,Mumbai,360.585044656723
2018-09-30,Mumbai,369.991697146934
2018-12-31,Mumbai,386.280063344108
2019-03-31,Mumbai,370.349768942178
2019-06-30,Mumbai,370.688474396463
2019-09-30,Mumbai,371.850731430303
2019-12-31,Mumbai,392.0
2020-03-31,Mumbai,395.5
2020-06-30,Mumbai,396.236967037404
2020-09-30,Mumbai,397.49541862903
2020-12-31,Mumbai,398.1
2021-03-31,Mumbai,398.4
2021-06-30,Mumbai,394.9
2021-09-30,Mumbai,395.540488027138
2021-12-31,Mumbai,397.2
2022-03-31,Mumbai,396.825664481841
2022-06-30,Mumbai,397.982641597108
2022-09-30,Mumbai,411.364271036338
2022-12-31,Mumbai,400.945874608861
2023-03-31,Mumbai,414.846889084127
2023-06-30,Mumbai,415.821492170871
2023-09-30,Mumbai,425.77505647836
2023-12-31,Mumbai,413.343033985552
2024-03-31,Mumbai,416.888557539304
2024-06-30,Mumbai,418.76356922846
2024-09-30,Mumbai,418.992287607405
2024-12-31,Mumbai,420.935047347707
2025-03-31,Mumbai,417.802765153853
,Mumbai,
,Mumbai,
,Mumbai,
,Mumbai,
,Mumbai,
,Mumbai,
,Mumbai,
